納入先,納入先略称,ｷｰｺｰﾄﾞ,納入倉庫,納入指示日,発注グループ,品番,品名,発注数量,ステージ,区分,大分類,邸コード,邸名(漢字),製品タイプ,ユニットNo,ライン,生産順,納入時刻,階数,発注種別,行NO,R/L,基準日,発注先,先行日数
SP,中央    ,249743244,MF24,20260702,  ,ZPL00700,ｺﾞｳﾊﾝ 23 20.0X 844X2128,4,510,2,A  ,DEMO013,サンプル邸M,J3SF91,407798,B,7,803000,2,S,222,ﾐ,20260702,自社,2
SP,中央    ,244064355,MF24,20260706,  ,PNL02200,ｺﾞｳﾊﾝ 20 20.0X 231X2128,6,1150,2,A  ,DEMO016,サンプル邸P,J3SF91,403093,D,18,803000,2,S,198,ﾖ,20260706,自社,2
SP,中央    ,240211628,MF24,20260706,  ,PNL01100,ｺﾞｳﾊﾝ 18 20.0X 893X2128,8,1150,2,A  ,DEMO008,サンプル邸H,J3SF91,400590,B,7,803000,1,S,174,ﾐ,20260706,自社,2
SP,中央    ,247811503,MF24,20260706,  ,CUT00300,ｺﾞｳﾊﾝ 23 20.0X 521X2128,8,760,2,A  ,DEMO018,サンプル邸R,J3SF91,404911,B,5,803000,3,S,5,ﾖ,20260706,自社,2
SP,中央    ,242135280,MF24,20260701,  ,PNL02400,ｺﾞｳﾊﾝ 20 20.0X 845X2128,7,1610,2,A  ,DEMO016,サンプル邸P,J3SF91,400070,D,17,803000,3,S,202,ﾖ,20260701,自社,2
SP,中央    ,247170968,MF24,20260702,  ,CUT02800,ｺﾞｳﾊﾝ 20 20.0X 660X2128,3,ﾎ,2,A  ,DEMO015,サンプル邸O,J3SF91,403152,B,2,803000,1,S,60,ﾎ,20260702,自社,2
SP,中央    ,243451466,MF24,20260701,  ,EDG01000,ｺﾞｳﾊﾝ 13 20.0X 452X2128,4,1610,2,A  ,DEMO013,サンプル邸M,J3SF91,400554,A,20,803000,1,S,119,ﾐ,20260701,自社,2
SP,中央    ,240464200,MF24,20260703,  ,ZPL01300,ｺﾞｳﾊﾝ 13 20.0X 341X2128,1,1700,2,A  ,DEMO008,サンプル邸H,J3SF91,402377,C,11,803000,1,S,240,ﾐ,20260703,自社,2
SP,中央    ,249417700,MF24,20260706,  ,PNL02600,ｺﾞｳﾊﾝ 23 20.0X 864X2128,3,1150,2,A  ,DEMO012,サンプル邸L,J3SF91,406901,D,12,803000,2,S,208,ﾐ,20260706,自社,2
SP,中央    ,241227050,MF24,20260706,  ,CUT02900,ｺﾞｳﾊﾝ 23 20.0X 200X2128,7,ﾎ,2,A  ,DEMO019,サンプル邸S,J3SF91,407670,D,7,803000,1,S,64,ﾖ,20260706,自社,2
SP,中央    ,246358720,MF24,20260701,  ,ZPL00400,ｺﾞｳﾊﾝ 18 20.0X 566X2128,3,JA,2,A  ,DEMO006,サンプル邸F,J3SF91,404762,D,17,803000,2,S,218,ﾖ,20260701,自社,2
SP,中央    ,246764507,MF24,20260703,  ,ZPL00400,ｺﾞｳﾊﾝ 23 20.0X 543X2128,2,1610,2,A  ,DEMO018,サンプル邸R,J3SF91,406918,C,17,803000,1,S,219,ﾎ,20260703,自社,2
SP,中央    ,241896560,MF24,20260706,  ,PNL02100,ｺﾞｳﾊﾝ 13 20.0X 494X2128,5,760,2,A  ,DEMO008,サンプル邸H,J3SF91,402735,A,1,803000,3,S,195,ﾐ,20260706,自社,2
SP,中央    ,244004302,MF24,20260702,  ,PNL01300,ｺﾞｳﾊﾝ 23 20.0X 467X2128,4,1610,2,A  ,DEMO012,サンプル邸L,J3SF91,406392,C,13,803000,1,S,179,ﾖ,20260702,自社,2
SP,中央    ,249428638,MF24,20260703,  ,ZPL00800,ｺﾞｳﾊﾝ 13 20.0X 269X2128,6,ﾎ,2,A  ,DEMO007,サンプル邸G,J3SF91,404865,B,2,803000,3,S,225,ﾎ,20260703,自社,2
SP,中央    ,248218154,MF24,20260702,  ,OEM00500,ｺﾞｳﾊﾝ 13 20.0X 598X2128,2,JA,2,A  ,DEMO011,サンプル邸K,J3SF91,404116,B,5,803000,3,S,134,ﾖ,20260702,OEM社,5
SP,中央    ,240657788,MF24,20260703,  ,CUT00400,ｺﾞｳﾊﾝ 23 20.0X 631X2128,2,ﾎ,2,A  ,DEMO005,サンプル邸E,J3SF91,409388,C,10,803000,3,S,7,ﾎ,20260703,自社,2
SP,中央    ,246235890,MF24,20260706,  ,PNL01100,ｺﾞｳﾊﾝ 23 20.0X 531X2128,5,1700,2,A  ,DEMO004,サンプル邸D,J3SF91,402033,C,15,803000,2,S,173,ﾖ,20260706,自社,2
SP,中央    ,248461455,MF24,20260706,  ,EDG00400,ｺﾞｳﾊﾝ 13 20.0X 652X2128,1,JA,2,A  ,DEMO012,サンプル邸L,J3SF91,402134,A,10,803000,3,S,99,ﾐ,20260706,自社,2
SP,中央    ,242984664,MF24,20260702,  ,CUT01600,ｺﾞｳﾊﾝ 23 20.0X 712X2128,5,760,2,A  ,DEMO010,サンプル邸J,J3SF91,400297,C,1,803000,1,S,38,ﾖ,20260702,自社,2
SP,中央    ,240552198,MF24,20260701,  ,EDG01000,ｺﾞｳﾊﾝ 18 20.0X 348X2128,1,1610,2,A  ,DEMO019,サンプル邸S,J3SF91,401747,B,11,803000,1,S,117,ﾐ,20260701,自社,2
SP,中央    ,241090139,MF24,20260701,  ,CUT02500,ｺﾞｳﾊﾝ 20 20.0X 581X2128,7,1700,2,A  ,DEMO010,サンプル邸J,J3SF91,409653,A,11,803000,2,S,55,ﾎ,20260701,自社,2
SP,中央    ,246173944,MF24,20260702,  ,ZPL00700,ｺﾞｳﾊﾝ 23 20.0X 801X2128,4,1700,2,A  ,DEMO009,サンプル邸I,J3SF91,409964,B,4,803000,1,S,223,ﾐ,20260702,自社,2
SP,中央    ,244458914,MF24,20260701,  ,PNL02000,ｺﾞｳﾊﾝ 13 20.0X 856X2128,5,ﾎ,2,A  ,DEMO002,サンプル邸B,J3SF91,400586,A,8,803000,1,S,194,ﾐ,20260701,自社,2
SP,中央    ,240019327,MF24,20260702,  ,CUT02900,ｺﾞｳﾊﾝ 20 20.0X 428X2128,1,ﾎ,2,A  ,DEMO013,サンプル邸M,J3SF91,404940,D,8,803000,2,S,67,ﾐ,20260702,自社,2
SP,中央    ,248214365,MF24,20260706,  ,CUT02300,ｺﾞｳﾊﾝ 13 20.0X 422X2128,5,ﾎ,2,A  ,DEMO009,サンプル邸I,J3SF91,404678,D,14,803000,2,S,50,ﾖ,20260706,自社,2
SP,中央    ,242674323,MF24,20260702,  ,ZPL00300,ｺﾞｳﾊﾝ 18 20.0X 245X2128,3,760,2,A  ,DEMO008,サンプル邸H,J3SF91,400100,D,9,803000,2,S,216,ﾐ,20260702,自社,2
SP,中央    ,242284817,MF24,20260701,  ,EDG00400,ｺﾞｳﾊﾝ 23 20.0X 868X2128,1,1610,2,A  ,DEMO002,サンプル邸B,J3SF91,401795,B,4,803000,2,S,100,ﾎ,20260701,自社,2
SP,中央    ,241641848,MF24,20260703,  ,EDG01000,ｺﾞｳﾊﾝ 13 20.0X 335X2128,4,510,2,A  ,DEMO016,サンプル邸P,J3SF91,405228,C,13,803000,2,S,120,ﾖ,20260703,自社,2
SP,中央    ,242238064,MF24,20260706,  ,ZPL01100,ｺﾞｳﾊﾝ 20 20.0X 506X2128,3,1150,2,A  ,DEMO005,サンプル邸E,J3SF91,405465,A,17,803000,2,S,235,ﾖ,20260706,自社,2
SP,中央    ,240658235,MF24,20260702,  ,ZPL00900,ｺﾞｳﾊﾝ 18 20.0X 589X2128,5,2300,2,A  ,DEMO010,サンプル邸J,J3SF91,409249,B,18,803000,2,S,229,ﾐ,20260702,自社,2
SP,中央    ,247067846,MF24,20260702,  ,CUT01400,ｺﾞｳﾊﾝ 23 20.0X 547X2128,4,760,2,A  ,DEMO014,サンプル邸N,J3SF91,405218,A,11,803000,1,S,32,ﾎ,20260702,自社,2
SP,中央    ,244854322,MF24,20260706,  ,ZPL01200,ｺﾞｳﾊﾝ 18 20.0X 317X2128,1,760,2,A  ,DEMO013,サンプル邸M,J3SF91,407972,B,1,803000,1,S,236,ﾎ,20260706,自社,2
SP,中央    ,241806714,MF24,20260703,  ,PNL01600,ｺﾞｳﾊﾝ 13 20.0X 498X2128,8,ﾖ,2,A  ,DEMO013,サンプル邸M,J3SF91,408410,A,16,803000,3,S,186,ﾖ,20260703,自社,2
SP,中央    ,245896001,MF24,20260702,  ,ZPL00900,ｺﾞｳﾊﾝ 20 20.0X 895X2128,7,JA,2,A  ,DEMO001,サンプル邸A,J3SF91,407578,B,12,803000,2,S,227,ﾐ,20260702,自社,2
SP,中央    ,248281098,MF24,20260701,  ,PNL01900,ｺﾞｳﾊﾝ 13 20.0X 676X2128,5,1610,2,A  ,DEMO009,サンプル邸I,J3SF91,401999,A,12,803000,1,S,189,ﾐ,20260701,自社,2
SP,中央    ,249514714,MF24,20260701,  ,EDG00700,ｺﾞｳﾊﾝ 13 20.0X 202X2128,6,510,2,A  ,DEMO001,サンプル邸A,J3SF91,401742,C,17,803000,1,S,107,ﾎ,20260701,自社,2
SP,中央    ,242135929,MF24,20260703,  ,CUT02700,ｺﾞｳﾊﾝ 13 20.0X 763X2128,3,ﾖ,2,A  ,DEMO016,サンプル邸P,J3SF91,406797,C,9,803000,2,S,58,ﾎ,20260703,自社,2
SP,中央    ,243906850,MF24,20260701,  ,PNL00700,ｺﾞｳﾊﾝ 20 20.0X 264X2128,7,ﾎ,2,A  ,DEMO018,サンプル邸R,J3SF91,404252,C,15,803000,3,S,165,ﾐ,20260701,自社,2
SP,中央    ,242079033,MF24,20260701,  ,PNL02200,ｺﾞｳﾊﾝ 18 20.0X 650X2128,3,510,2,A  ,DEMO015,サンプル邸O,J3SF91,406660,C,8,803000,1,S,196,ﾐ,20260701,自社,2
SP,中央    ,242226458,MF24,20260706,  ,CUT03300,ｺﾞｳﾊﾝ 23 20.0X 705X2128,8,2300,2,A  ,DEMO009,サンプル邸I,J3SF91,400142,C,4,803000,3,S,79,ﾖ,20260706,自社,2
SP,中央    ,247118948,MF24,20260706,  ,CUT03000,ｺﾞｳﾊﾝ 20 20.0X 433X2128,6,1150,2,A  ,DEMO003,サンプル邸C,J3SF91,408076,A,10,803000,3,S,69,ﾎ,20260706,自社,2
SP,中央    ,243918747,MF24,20260706,  ,OEM00200,ｺﾞｳﾊﾝ 18 20.0X 588X2128,8,2300,2,A  ,DEMO018,サンプル邸R,J3SF91,408708,A,11,803000,3,S,126,ﾎ,20260706,OEM社,5
SP,中央    ,247996261,MF24,20260706,  ,PNL01500,ｺﾞｳﾊﾝ 13 20.0X 619X2128,3,510,2,A  ,DEMO003,サンプル邸C,J3SF91,404068,B,18,803000,2,S,184,ﾖ,20260706,自社,2
SP,中央    ,248967786,MF24,20260703,  ,OEM00800,ｺﾞｳﾊﾝ 18 20.0X 612X2128,3,1610,2,A  ,DEMO005,サンプル邸E,J3SF91,408986,C,6,803000,2,S,143,ﾐ,20260703,OEM社,5
SP,中央    ,244326898,MF24,20260703,  ,PNL01000,ｺﾞｳﾊﾝ 13 20.0X 248X2128,8,JA,2,A  ,DEMO002,サンプル邸B,J3SF91,401655,B,10,803000,1,S,172,ﾖ,20260703,自社,2
SP,中央    ,248489388,MF24,20260706,  ,EDG00500,ｺﾞｳﾊﾝ 20 20.0X 830X2128,4,760,2,A  ,DEMO007,サンプル邸G,J3SF91,406099,A,6,803000,1,S,102,ﾎ,20260706,自社,2
SP,中央    ,241986801,MF24,20260701,  ,OEM00900,ｺﾞｳﾊﾝ 13 20.0X 768X2128,5,1700,2,A  ,DEMO015,サンプル邸O,J3SF91,403836,B,15,803000,2,S,144,ﾐ,20260701,OEM社,5
SP,中央    ,248306674,MF24,20260701,  ,CUT00300,ｺﾞｳﾊﾝ 20 20.0X 737X2128,6,ﾖ,2,A  ,DEMO019,サンプル邸S,J3SF91,404717,A,3,803000,3,S,6,ﾎ,20260701,自社,2
SP,中央    ,242623950,MF24,20260703,  ,PNL02600,ｺﾞｳﾊﾝ 23 20.0X 846X2128,5,ﾎ,2,A  ,DEMO011,サンプル邸K,J3SF91,403404,B,13,803000,1,S,210,ﾖ,20260703,自社,2
SP,中央    ,240951711,MF24,20260703,  ,PNL01200,ｺﾞｳﾊﾝ 20 20.0X 426X2128,3,ﾖ,2,A  ,DEMO005,サンプル邸E,J3SF91,409066,B,14,803000,1,S,176,ﾎ,20260703,自社,2
SP,中央    ,244496679,MF24,20260703,  ,PNL00600,ｺﾞｳﾊﾝ 20 20.0X 469X2128,7,2300,2,A  ,DEMO001,サンプル邸A,J3SF91,409611,A,9,803000,1,S,162,ﾐ,20260703,自社,2
SP,中央    ,249991975,MF24,20260703,  ,CUT03300,ｺﾞｳﾊﾝ 20 20.0X 203X2128,2,JA,2,A  ,DEMO009,サンプル邸I,J3SF91,403831,A,15,803000,3,S,78,ﾎ,20260703,自社,2
SP,中央    ,243248823,MF24,20260701,  ,CUT00800,ｺﾞｳﾊﾝ 23 20.0X 465X2128,6,ﾖ,2,A  ,DEMO009,サンプル邸I,J3SF91,405726,C,2,803000,1,S,20,ﾖ,20260701,自社,2
SP,中央    ,240080250,MF24,20260702,  ,PNL00400,ｺﾞｳﾊﾝ 13 20.0X 637X2128,1,1610,2,A  ,DEMO005,サンプル邸E,J3SF91,401444,B,3,803000,1,S,156,ﾎ,20260702,自社,2
SP,中央    ,249024138,MF24,20260701,  ,OEM00100,ｺﾞｳﾊﾝ 23 20.0X 249X2128,4,1610,2,A  ,DEMO012,サンプル邸L,J3SF91,409413,C,5,803000,2,S,122,ﾖ,20260701,OEM社,5
SP,中央    ,247250736,MF24,20260706,  ,CUT01700,ｺﾞｳﾊﾝ 23 20.0X 308X2128,8,ﾎ,2,A  ,DEMO008,サンプル邸H,J3SF91,406440,C,6,803000,1,S,39,ﾎ,20260706,自社,2
SP,中央    ,244767691,MF24,20260706,  ,CUT02000,ｺﾞｳﾊﾝ 23 20.0X 353X2128,3,JA,2,A  ,DEMO011,サンプル邸K,J3SF91,408404,D,16,803000,1,S,45,ﾐ,20260706,自社,2
SP,中央    ,240181431,MF24,20260702,  ,ZPL01300,ｺﾞｳﾊﾝ 13 20.0X 246X2128,8,ﾖ,2,A  ,DEMO018,サンプル邸R,J3SF91,401375,C,18,803000,2,S,238,ﾖ,20260702,自社,2
SP,中央    ,248968384,MF24,20260702,  ,PNL00600,ｺﾞｳﾊﾝ 23 20.0X 555X2128,2,ﾎ,2,A  ,DEMO009,サンプル邸I,J3SF91,409071,D,12,803000,1,S,163,ﾐ,20260702,自社,2
SP,中央    ,249701910,MF24,20260703,  ,PNL00300,ｺﾞｳﾊﾝ 23 20.0X 779X2128,1,ﾖ,2,A  ,DEMO001,サンプル邸A,J3SF91,409298,A,3,803000,2,S,154,ﾐ,20260703,自社,2
SP,中央    ,249757631,MF24,20260703,  ,CUT00200,ｺﾞｳﾊﾝ 18 20.0X 305X2128,4,760,2,A  ,DEMO018,サンプル邸R,J3SF91,401596,A,18,803000,1,S,4,ﾐ,20260703,自社,2
SP,中央    ,246461085,MF24,20260701,  ,OEM00800,ｺﾞｳﾊﾝ 18 20.0X 510X2128,1,1610,2,A  ,DEMO012,サンプル邸L,J3SF91,409250,C,4,803000,3,S,141,ﾎ,20260701,OEM社,5
SP,中央    ,248792363,MF24,20260701,  ,CUT02400,ｺﾞｳﾊﾝ 13 20.0X 345X2128,5,760,2,A  ,DEMO019,サンプル邸S,J3SF91,402172,C,3,803000,3,S,52,ﾎ,20260701,自社,2
SP,中央    ,240563363,MF24,20260703,  ,PNL00900,ｺﾞｳﾊﾝ 13 20.0X 296X2128,4,ﾖ,2,A  ,DEMO017,サンプル邸Q,J3SF91,409612,B,8,803000,2,S,168,ﾎ,20260703,自社,2
SP,中央    ,248620000,MF24,20260706,  ,OEM00600,ｺﾞｳﾊﾝ 18 20.0X 601X2128,2,760,2,A  ,DEMO007,サンプル邸G,J3SF91,400927,C,8,803000,2,S,136,ﾎ,20260706,OEM社,5
SP,中央    ,247156393,MF24,20260701,  ,CUT03400,ｺﾞｳﾊﾝ 20 20.0X 364X2128,2,1610,2,A  ,DEMO016,サンプル邸P,J3SF91,404339,A,6,803000,1,S,81,ﾎ,20260701,自社,2
SP,中央    ,243059205,MF24,20260702,  ,CUT00500,ｺﾞｳﾊﾝ 23 20.0X 803X2128,5,510,2,A  ,DEMO001,サンプル邸A,J3SF91,400067,B,13,803000,3,S,12,ﾎ,20260702,自社,2
SP,中央    ,244334520,MF24,20260701,  ,CUT02800,ｺﾞｳﾊﾝ 18 20.0X 577X2128,4,JA,2,A  ,DEMO011,サンプル邸K,J3SF91,406763,D,13,803000,3,S,61,ﾐ,20260701,自社,2
SP,中央    ,244231562,MF24,20260702,  ,EDG00500,ｺﾞｳﾊﾝ 20 20.0X 825X2128,3,760,2,A  ,DEMO003,サンプル邸C,J3SF91,404505,D,4,803000,2,S,101,ﾐ,20260702,自社,2
SP,中央    ,245838385,MF24,20260702,  ,PNL02300,ｺﾞｳﾊﾝ 13 20.0X 820X2128,8,JA,2,A  ,DEMO018,サンプル邸R,J3SF91,408470,D,14,803000,2,S,200,ﾐ,20260702,自社,2
SP,中央    ,247595977,MF24,20260702,  ,PNL00500,ｺﾞｳﾊﾝ 23 20.0X 594X2128,5,760,2,A  ,DEMO014,サンプル邸N,J3SF91,404790,C,1,803000,3,S,160,ﾐ,20260702,自社,2
SP,中央    ,247516496,MF24,20260703,  ,ZPL01200,ｺﾞｳﾊﾝ 13 20.0X 516X2128,2,2300,2,A  ,DEMO007,サンプル邸G,J3SF91,405316,D,14,803000,3,S,237,ﾎ,20260703,自社,2
SP,中央    ,242882079,MF24,20260703,  ,EDG00100,ｺﾞｳﾊﾝ 18 20.0X 733X2128,2,1610,2,A  ,DEMO010,サンプル邸J,J3SF91,406287,D,6,803000,2,S,93,ﾖ,20260703,自社,2
SP,中央    ,243502465,MF24,20260706,  ,CUT00600,ｺﾞｳﾊﾝ 18 20.0X 268X2128,8,2300,2,A  ,DEMO002,サンプル邸B,J3SF91,401801,C,19,803000,1,S,14,ﾖ,20260706,自社,2
SP,中央    ,249296683,MF24,20260703,  ,PNL00100,ｺﾞｳﾊﾝ 23 20.0X 738X2128,4,510,2,A  ,DEMO011,サンプル邸K,J3SF91,407130,C,13,803000,2,S,148,ﾐ,20260703,自社,2
SP,中央    ,246631978,MF24,20260706,  ,CUT03700,ｺﾞｳﾊﾝ 23 20.0X 303X2128,3,ﾎ,2,A  ,DEMO003,サンプル邸C,J3SF91,401493,B,12,803000,3,S,89,ﾎ,20260706,自社,2
SP,中央    ,241445136,MF24,20260701,  ,ZPL01000,ｺﾞｳﾊﾝ 18 20.0X 553X2128,7,1700,2,A  ,DEMO011,サンプル邸K,J3SF91,403617,C,16,803000,1,S,231,ﾎ,20260701,自社,2
SP,中央    ,246507801,MF24,20260706,  ,EDG00200,ｺﾞｳﾊﾝ 13 20.0X 822X2128,2,2300,2,A  ,DEMO011,サンプル邸K,J3SF91,403638,D,19,803000,1,S,94,ﾎ,20260706,自社,2
SP,中央    ,243997388,MF24,20260701,  ,ZPL00100,ｺﾞｳﾊﾝ 20 20.0X 347X2128,6,510,2,A  ,DEMO019,サンプル邸S,J3SF91,402775,A,8,803000,3,S,214,ﾖ,20260701,自社,2
SP,中央    ,241526903,MF24,20260701,  ,CUT00700,ｺﾞｳﾊﾝ 20 20.0X 858X2128,5,ﾎ,2,A  ,DEMO017,サンプル邸Q,J3SF91,406008,B,11,803000,1,S,18,ﾐ,20260701,自社,2
SP,中央    ,241708030,MF24,20260702,  ,OEM00400,ｺﾞｳﾊﾝ 18 20.0X 464X2128,3,1610,2,A  ,DEMO011,サンプル邸K,J3SF91,403201,D,4,803000,1,S,129,ﾎ,20260702,OEM社,5
SP,中央    ,248330000,MF24,20260702,  ,CUT00500,ｺﾞｳﾊﾝ 23 20.0X 600X2128,2,2300,2,A  ,DEMO008,サンプル邸H,J3SF91,407359,D,17,803000,2,S,10,ﾖ,20260702,自社,2
SP,中央    ,240416652,MF24,20260702,  ,CUT02400,ｺﾞｳﾊﾝ 23 20.0X 603X2128,3,JA,2,A  ,DEMO016,サンプル邸P,J3SF91,408055,D,12,803000,2,S,53,ﾐ,20260702,自社,2
SP,中央    ,248716803,MF24,20260703,  ,PNL01500,ｺﾞｳﾊﾝ 13 20.0X 267X2128,7,JA,2,A  ,DEMO007,サンプル邸G,J3SF91,408494,C,10,803000,2,S,183,ﾐ,20260703,自社,2
SP,中央    ,248902297,MF24,20260706,  ,EDG00900,ｺﾞｳﾊﾝ 23 20.0X 683X2128,1,JA,2,A  ,DEMO018,サンプル邸R,J3SF91,407163,B,18,803000,2,S,116,ﾖ,20260706,自社,2
SP,中央    ,246166727,MF24,20260706,  ,PNL00500,ｺﾞｳﾊﾝ 13 20.0X 523X2128,8,ﾖ,2,A  ,DEMO020,サンプル邸T,J3SF91,402727,B,3,803000,2,S,159,ﾐ,20260706,自社,2
SP,中央    ,244224401,MF24,20260701,  ,CUT02900,ｺﾞｳﾊﾝ 18 20.0X 841X2128,7,1610,2,A  ,DEMO010,サンプル邸J,J3SF91,401629,A,9,803000,3,S,66,ﾐ,20260701,自社,2
SP,中央    ,247251664,MF24,20260702,  ,EDG00700,ｺﾞｳﾊﾝ 20 20.0X 830X2128,7,ﾎ,2,A  ,DEMO005,サンプル邸E,J3SF91,405965,A,4,803000,2,S,106,ﾖ,20260702,自社,2
SP,中央    ,242839727,MF24,20260706,  ,CUT03200,ｺﾞｳﾊﾝ 20 20.0X 653X2128,2,JA,2,A  ,DEMO012,サンプル邸L,J3SF91,401281,C,2,803000,2,S,74,ﾎ,20260706,自社,2
SP,中央    ,248470453,MF24,20260706,  ,CUT03100,ｺﾞｳﾊﾝ 13 20.0X 499X2128,2,1150,2,A  ,DEMO007,サンプル邸G,J3SF91,408121,B,9,803000,1,S,70,ﾖ,20260706,自社,2
SP,中央    ,248658834,MF24,20260702,  ,EDG00700,ｺﾞｳﾊﾝ 13 20.0X 503X2128,5,510,2,A  ,DEMO006,サンプル邸F,J3SF91,409598,C,0,803000,3,S,105,ﾖ,20260702,自社,2
SP,中央    ,249610684,MF24,20260702,  ,PNL01900,ｺﾞｳﾊﾝ 18 20.0X 884X2128,8,1700,2,A  ,DEMO008,サンプル邸H,J3SF91,402692,A,20,803000,2,S,190,ﾐ,20260702,自社,2
SP,中央    ,242169280,MF24,20260706,  ,OEM00700,ｺﾞｳﾊﾝ 18 20.0X 368X2128,2,1150,2,A  ,DEMO015,サンプル邸O,J3SF91,407686,B,4,803000,2,S,138,ﾐ,20260706,OEM社,5
SP,中央    ,249242953,MF24,20260702,  ,EDG00800,ｺﾞｳﾊﾝ 13 20.0X 212X2128,4,2300,2,A  ,DEMO002,サンプル邸B,J3SF91,406769,B,16,803000,3,S,111,ﾐ,20260702,自社,2
SP,中央    ,246451858,MF24,20260702,  ,CUT02800,ｺﾞｳﾊﾝ 20 20.0X 454X2128,7,ﾖ,2,A  ,DEMO003,サンプル邸C,J3SF91,407075,C,0,803000,1,S,63,ﾖ,20260702,自社,2
SP,中央    ,247284067,MF24,20260706,  ,EDG00100,ｺﾞｳﾊﾝ 18 20.0X 206X2128,3,1700,2,A  ,DEMO013,サンプル邸M,J3SF91,401860,A,12,803000,3,S,91,ﾎ,20260706,自社,2
SP,中央    ,246324994,MF24,20260703,  ,PNL02500,ｺﾞｳﾊﾝ 23 20.0X 789X2128,4,1610,2,A  ,DEMO005,サンプル邸E,J3SF91,405408,C,19,803000,1,S,205,ﾎ,20260703,自社,2
SP,中央    ,246245099,MF24,20260702,  ,CUT03600,ｺﾞｳﾊﾝ 18 20.0X 276X2128,3,ﾖ,2,A  ,DEMO020,サンプル邸T,J3SF91,409880,C,0,803000,1,S,86,ﾐ,20260702,自社,2
SP,中央    ,242424129,MF24,20260703,  ,PNL00100,ｺﾞｳﾊﾝ 23 20.0X 696X2128,1,1150,2,A  ,DEMO004,サンプル邸D,J3SF91,406809,B,10,803000,1,S,147,ﾐ,20260703,自社,2
SP,中央    ,249132723,MF24,20260702,  ,CUT01100,ｺﾞｳﾊﾝ 20 20.0X 465X2128,7,2300,2,A  ,DEMO019,サンプル邸S,J3SF91,400997,C,14,803000,3,S,25,ﾐ,20260702,自社,2
SP,中央    ,249317254,MF24,20260703,  ,PNL02400,ｺﾞｳﾊﾝ 23 20.0X 738X2128,7,760,2,A  ,DEMO012,サンプル邸L,J3SF91,400110,D,12,803000,2,S,204,ﾎ,20260703,自社,2
SP,中央    ,244544750,MF24,20260701,  ,ZPL00900,ｺﾞｳﾊﾝ 20 20.0X 317X2128,4,JA,2,A  ,DEMO006,サンプル邸F,J3SF91,406629,A,19,803000,1,S,228,ﾎ,20260701,自社,2
SP,中央    ,245561611,MF24,20260706,  ,CUT01400,ｺﾞｳﾊﾝ 13 20.0X 593X2128,5,ﾎ,2,A  ,DEMO015,サンプル邸O,J3SF91,401053,A,7,803000,1,S,33,ﾖ,20260706,自社,2
SP,中央    ,248947044,MF24,20260702,  ,CUT01200,ｺﾞｳﾊﾝ 23 20.0X 720X2128,8,ﾎ,2,A  ,DEMO009,サンプル邸I,J3SF91,404057,C,17,803000,1,S,29,ﾎ,20260702,自社,2
SP,中央    ,245190576,MF24,20260706,  ,EDG00800,ｺﾞｳﾊﾝ 18 20.0X 720X2128,2,510,2,A  ,DEMO020,サンプル邸T,J3SF91,400794,D,17,803000,1,S,112,ﾎ,20260706,自社,2
SP,中央    ,248614389,MF24,20260706,  ,PNL01300,ｺﾞｳﾊﾝ 13 20.0X 357X2128,1,1150,2,A  ,DEMO016,サンプル邸P,J3SF91,409174,D,9,803000,1,S,178,ﾎ,20260706,自社,2
SP,中央    ,241828851,MF24,20260706,  ,CUT03100,ｺﾞｳﾊﾝ 20 20.0X 502X2128,8,2300,2,A  ,DEMO008,サンプル邸H,J3SF91,403658,D,13,803000,3,S,71,ﾖ,20260706,自社,2
SP,中央    ,242547391,MF24,20260706,  ,CUT01100,ｺﾞｳﾊﾝ 18 20.0X 744X2128,1,ﾖ,2,A  ,DEMO017,サンプル邸Q,J3SF91,403000,A,4,803000,1,S,26,ﾖ,20260706,自社,2
SP,中央    ,241724228,MF24,20260702,  ,CUT01000,ｺﾞｳﾊﾝ 13 20.0X 865X2128,3,1700,2,A  ,DEMO001,サンプル邸A,J3SF91,403191,B,0,803000,2,S,24,ﾖ,20260702,自社,2
SP,中央    ,245301261,MF24,20260706,  ,CUT01300,ｺﾞｳﾊﾝ 23 20.0X 652X2128,2,1150,2,A  ,DEMO004,サンプル邸D,J3SF91,407017,A,6,803000,3,S,30,ﾎ,20260706,自社,2
SP,中央    ,240635361,MF24,20260701,  ,PNL00900,ｺﾞｳﾊﾝ 18 20.0X 460X2128,6,1150,2,A  ,DEMO015,サンプル邸O,J3SF91,402961,D,2,803000,1,S,169,ﾖ,20260701,自社,2
SP,中央    ,242173581,MF24,20260703,  ,CUT01500,ｺﾞｳﾊﾝ 18 20.0X 476X2128,7,510,2,A  ,DEMO002,サンプル邸B,J3SF91,406651,B,17,803000,3,S,34,ﾐ,20260703,自社,2
SP,中央    ,240225258,MF24,20260701,  ,PNL00200,ｺﾞｳﾊﾝ 13 20.0X 871X2128,6,2300,2,A  ,DEMO014,サンプル邸N,J3SF91,405068,C,9,803000,1,S,153,ﾎ,20260701,自社,2
SP,中央    ,241833398,MF24,20260703,  ,OEM00400,ｺﾞｳﾊﾝ 20 20.0X 400X2128,2,510,2,A  ,DEMO014,サンプル邸N,J3SF91,403382,D,14,803000,1,S,130,ﾖ,20260703,OEM社,5
SP,中央    ,247521954,MF24,20260701,  ,PNL01000,ｺﾞｳﾊﾝ 23 20.0X 387X2128,3,760,2,A  ,DEMO017,サンプル邸Q,J3SF91,403852,B,5,803000,1,S,171,ﾎ,20260701,自社,2
SP,中央    ,244246444,MF24,20260701,  ,CUT01300,ｺﾞｳﾊﾝ 20 20.0X 346X2128,3,ﾖ,2,A  ,DEMO005,サンプル邸E,J3SF91,403597,A,12,803000,2,S,31,ﾖ,20260701,自社,2
SP,中央    ,244144951,MF24,20260706,  ,CUT03000,ｺﾞｳﾊﾝ 18 20.0X 760X2128,1,1700,2,A  ,DEMO017,サンプル邸Q,J3SF91,405036,A,0,803000,1,S,68,ﾎ,20260706,自社,2
SP,中央    ,247666324,MF24,20260702,  ,CUT02200,ｺﾞｳﾊﾝ 20 20.0X 203X2128,2,ﾎ,2,A  ,DEMO016,サンプル邸P,J3SF91,408768,A,16,803000,1,S,47,ﾐ,20260702,自社,2
SP,中央    ,242028522,MF24,20260706,  ,CUT02500,ｺﾞｳﾊﾝ 23 20.0X 523X2128,6,JA,2,A  ,DEMO012,サンプル邸L,J3SF91,405317,C,12,803000,1,S,54,ﾖ,20260706,自社,2
SP,中央    ,241392562,MF24,20260706,  ,PNL00200,ｺﾞｳﾊﾝ 18 20.0X 841X2128,4,JA,2,A  ,DEMO020,サンプル邸T,J3SF91,407501,B,3,803000,3,S,152,ﾖ,20260706,自社,2
SP,中央    ,246620280,MF24,20260703,  ,OEM00200,ｺﾞｳﾊﾝ 13 20.0X 610X2128,2,1700,2,A  ,DEMO012,サンプル邸L,J3SF91,400412,C,6,803000,2,S,125,ﾎ,20260703,OEM社,5
SP,中央    ,240396424,MF24,20260702,  ,CUT03100,ｺﾞｳﾊﾝ 13 20.0X 418X2128,3,1700,2,A  ,DEMO013,サンプル邸M,J3SF91,400849,A,5,803000,2,S,72,ﾎ,20260702,自社,2
SP,中央    ,246693652,MF24,20260701,  ,ZPL00800,ｺﾞｳﾊﾝ 20 20.0X 329X2128,5,760,2,A  ,DEMO008,サンプル邸H,J3SF91,406608,D,20,803000,3,S,226,ﾖ,20260701,自社,2
SP,中央    ,245983245,MF24,20260701,  ,CUT03200,ｺﾞｳﾊﾝ 18 20.0X 589X2128,5,1700,2,A  ,DEMO018,サンプル邸R,J3SF91,401437,A,15,803000,1,S,75,ﾎ,20260701,自社,2
SP,中央    ,246005864,MF24,20260702,  ,OEM00800,ｺﾞｳﾊﾝ 13 20.0X 487X2128,4,510,2,A  ,DEMO016,サンプル邸P,J3SF91,405248,D,15,803000,2,S,140,ﾐ,20260702,OEM社,5
SP,中央    ,248167743,MF24,20260701,  ,PNL00900,ｺﾞｳﾊﾝ 20 20.0X 669X2128,2,1700,2,A  ,DEMO018,サンプル邸R,J3SF91,401964,A,8,803000,2,S,170,ﾐ,20260701,自社,2
SP,中央    ,240104197,MF24,20260701,  ,PNL00200,ｺﾞｳﾊﾝ 20 20.0X 311X2128,1,1150,2,A  ,DEMO013,サンプル邸M,J3SF91,407783,A,16,803000,3,S,151,ﾐ,20260701,自社,2
SP,中央    ,243402023,MF24,20260701,  ,EDG00900,ｺﾞｳﾊﾝ 20 20.0X 441X2128,3,760,2,A  ,DEMO006,サンプル邸F,J3SF91,403144,D,10,803000,3,S,115,ﾖ,20260701,自社,2
SP,中央    ,249214519,MF24,20260706,  ,CUT02700,ｺﾞｳﾊﾝ 23 20.0X 767X2128,4,1610,2,A  ,DEMO001,サンプル邸A,J3SF91,400810,D,14,803000,3,S,57,ﾖ,20260706,自社,2
SP,中央    ,248519343,MF24,20260703,  ,PNL01300,ｺﾞｳﾊﾝ 13 20.0X 652X2128,6,ﾎ,2,A  ,DEMO005,サンプル邸E,J3SF91,402296,D,0,803000,3,S,180,ﾎ,20260703,自社,2
SP,中央    ,241570280,MF24,20260706,  ,CUT00400,ｺﾞｳﾊﾝ 23 20.0X 270X2128,5,ﾖ,2,A  ,DEMO019,サンプル邸S,J3SF91,401064,A,9,803000,3,S,8,ﾐ,20260706,自社,2
SP,中央    ,246237924,MF24,20260702,  ,CUT03700,ｺﾞｳﾊﾝ 20 20.0X 618X2128,3,510,2,A  ,DEMO001,サンプル邸A,J3SF91,401276,B,1,803000,2,S,88,ﾐ,20260702,自社,2
SP,中央    ,245020070,MF24,20260701,  ,PNL00200,ｺﾞｳﾊﾝ 18 20.0X 524X2128,3,1610,2,A  ,DEMO011,サンプル邸K,J3SF91,400656,D,17,803000,2,S,150,ﾐ,20260701,自社,2
SP,中央    ,245460610,MF24,20260702,  ,PNL02300,ｺﾞｳﾊﾝ 20 20.0X 770X2128,8,510,2,A  ,DEMO008,サンプル邸H,J3SF91,404666,B,9,803000,1,S,199,ﾖ,20260702,自社,2
SP,中央    ,248360348,MF24,20260702,  ,OEM00200,ｺﾞｳﾊﾝ 18 20.0X 437X2128,3,1610,2,A  ,DEMO010,サンプル邸J,J3SF91,401325,D,17,803000,1,S,124,ﾐ,20260702,OEM社,5
SP,中央    ,249111233,MF24,20260706,  ,ZPL01300,ｺﾞｳﾊﾝ 23 20.0X 394X2128,6,JA,2,A  ,DEMO014,サンプル邸N,J3SF91,405886,A,20,803000,2,S,239,ﾐ,20260706,自社,2
SP,中央    ,241780369,MF24,20260702,  ,PNL00800,ｺﾞｳﾊﾝ 23 20.0X 583X2128,6,ﾖ,2,A  ,DEMO002,サンプル邸B,J3SF91,401339,B,10,803000,3,S,167,ﾖ,20260702,自社,2
SP,中央    ,249566020,MF24,20260701,  ,PNL02200,ｺﾞｳﾊﾝ 20 20.0X 665X2128,4,1700,2,A  ,DEMO018,サンプル邸R,J3SF91,403296,C,14,803000,3,S,197,ﾎ,20260701,自社,2
SP,中央    ,247965197,MF24,20260706,  ,CUT03500,ｺﾞｳﾊﾝ 13 20.0X 204X2128,4,ﾖ,2,A  ,DEMO002,サンプル邸B,J3SF91,406125,A,9,803000,1,S,85,ﾖ,20260706,自社,2
SP,中央    ,242060950,MF24,20260703,  ,CUT00700,ｺﾞｳﾊﾝ 20 20.0X 685X2128,2,ﾖ,2,A  ,DEMO020,サンプル邸T,J3SF91,407634,D,15,803000,2,S,16,ﾖ,20260703,自社,2
SP,中央    ,248468713,MF24,20260701,  ,PNL02000,ｺﾞｳﾊﾝ 23 20.0X 405X2128,1,1150,2,A  ,DEMO011,サンプル邸K,J3SF91,402284,D,12,803000,2,S,193,ﾐ,20260701,自社,2
SP,中央    ,243959478,MF24,20260702,  ,ZPL01100,ｺﾞｳﾊﾝ 18 20.0X 852X2128,5,1150,2,A  ,DEMO018,サンプル邸R,J3SF91,400972,B,11,803000,2,S,233,ﾎ,20260702,自社,2
SP,中央    ,240912488,MF24,20260702,  ,CUT01700,ｺﾞｳﾊﾝ 23 20.0X 555X2128,3,JA,2,A  ,DEMO005,サンプル邸E,J3SF91,401158,C,13,803000,1,S,40,ﾖ,20260702,自社,2
SP,中央    ,247055608,MF24,20260701,  ,OEM00600,ｺﾞｳﾊﾝ 13 20.0X 628X2128,6,510,2,A  ,DEMO001,サンプル邸A,J3SF91,401790,B,9,803000,3,S,137,ﾎ,20260701,OEM社,5
SP,中央    ,242769904,MF24,20260706,  ,EDG00800,ｺﾞｳﾊﾝ 23 20.0X 454X2128,1,JA,2,A  ,DEMO020,サンプル邸T,J3SF91,401008,A,12,803000,1,S,110,ﾖ,20260706,自社,2
SP,中央    ,240715486,MF24,20260701,  ,EDG01000,ｺﾞｳﾊﾝ 13 20.0X 341X2128,2,JA,2,A  ,DEMO001,サンプル邸A,J3SF91,401077,C,6,803000,3,S,118,ﾐ,20260701,自社,2
SP,中央    ,242624936,MF24,20260701,  ,OEM00500,ｺﾞｳﾊﾝ 18 20.0X 609X2128,5,1700,2,A  ,DEMO014,サンプル邸N,J3SF91,407909,D,0,803000,3,S,133,ﾎ,20260701,OEM社,5
SP,中央    ,247371871,MF24,20260703,  ,CUT03500,ｺﾞｳﾊﾝ 20 20.0X 403X2128,4,2300,2,A  ,DEMO009,サンプル邸I,J3SF91,404019,B,4,803000,2,S,83,ﾐ,20260703,自社,2
SP,中央    ,242099938,MF24,20260706,  ,OEM00700,ｺﾞｳﾊﾝ 20 20.0X 761X2128,8,760,2,A  ,DEMO015,サンプル邸O,J3SF91,403775,C,12,803000,3,S,139,ﾎ,20260706,OEM社,5
SP,中央    ,247280054,MF24,20260706,  ,CUT00900,ｺﾞｳﾊﾝ 23 20.0X 382X2128,6,1610,2,A  ,DEMO007,サンプル邸G,J3SF91,406485,D,12,803000,3,S,22,ﾖ,20260706,自社,2
SP,中央    ,245382603,MF24,20260703,  ,OEM00100,ｺﾞｳﾊﾝ 13 20.0X 576X2128,8,510,2,A  ,DEMO010,サンプル邸J,J3SF91,400507,D,0,803000,2,S,121,ﾐ,20260703,OEM社,5
SP,中央    ,240293676,MF24,20260702,  ,CUT02300,ｺﾞｳﾊﾝ 13 20.0X 684X2128,5,ﾖ,2,A  ,DEMO010,サンプル邸J,J3SF91,401252,D,8,803000,2,S,51,ﾖ,20260702,自社,2
SP,中央    ,246085379,MF24,20260703,  ,PNL02600,ｺﾞｳﾊﾝ 13 20.0X 374X2128,6,760,2,A  ,DEMO017,サンプル邸Q,J3SF91,401230,C,16,803000,1,S,209,ﾖ,20260703,自社,2
SP,中央    ,245240562,MF24,20260703,  ,EDG00100,ｺﾞｳﾊﾝ 23 20.0X 252X2128,6,1700,2,A  ,DEMO010,サンプル邸J,J3SF91,406823,A,11,803000,3,S,90,ﾖ,20260703,自社,2
SP,中央    ,248243858,MF24,20260701,  ,OEM00900,ｺﾞｳﾊﾝ 23 20.0X 347X2128,4,ﾖ,2,A  ,DEMO016,サンプル邸P,J3SF91,402697,A,5,803000,2,S,145,ﾎ,20260701,OEM社,5
SP,中央    ,243060060,MF24,20260702,  ,PNL01700,ｺﾞｳﾊﾝ 18 20.0X 833X2128,3,1610,2,A  ,DEMO003,サンプル邸C,J3SF91,405110,C,17,803000,1,S,187,ﾖ,20260702,自社,2
SP,中央    ,244037655,MF24,20260701,  ,CUT00100,ｺﾞｳﾊﾝ 23 20.0X 271X2128,2,ﾎ,2,A  ,DEMO014,サンプル邸N,J3SF91,406955,A,18,803000,1,S,2,ﾖ,20260701,自社,2
SP,中央    ,240508048,MF24,20260702,  ,CUT03300,ｺﾞｳﾊﾝ 20 20.0X 685X2128,7,1150,2,A  ,DEMO011,サンプル邸K,J3SF91,406631,A,12,803000,1,S,76,ﾎ,20260702,自社,2
SP,中央    ,246529894,MF24,20260703,  ,EDG00400,ｺﾞｳﾊﾝ 18 20.0X 635X2128,6,ﾖ,2,A  ,DEMO019,サンプル邸S,J3SF91,408250,D,5,803000,1,S,97,ﾖ,20260703,自社,2
SP,中央    ,248434980,MF24,20260706,  ,CUT02000,ｺﾞｳﾊﾝ 23 20.0X 485X2128,4,1150,2,A  ,DEMO003,サンプル邸C,J3SF91,408269,A,2,803000,2,S,43,ﾖ,20260706,自社,2
SP,中央    ,242232933,MF24,20260702,  ,CUT02100,ｺﾞｳﾊﾝ 13 20.0X 242X2128,6,1610,2,A  ,DEMO003,サンプル邸C,J3SF91,406170,D,17,803000,1,S,46,ﾐ,20260702,自社,2
SP,中央    ,243709137,MF24,20260701,  ,CUT00100,ｺﾞｳﾊﾝ 23 20.0X 250X2128,1,ﾎ,2,A  ,DEMO019,サンプル邸S,J3SF91,402181,C,13,803000,1,S,3,ﾐ,20260701,自社,2
SP,中央    ,248312780,MF24,20260702,  ,PNL01400,ｺﾞｳﾊﾝ 13 20.0X 289X2128,5,2300,2,A  ,DEMO007,サンプル邸G,J3SF91,403375,B,19,803000,3,S,182,ﾐ,20260702,自社,2
SP,中央    ,248029943,MF24,20260702,  ,CUT00700,ｺﾞｳﾊﾝ 20 20.0X 471X2128,3,ﾎ,2,A  ,DEMO004,サンプル邸D,J3SF91,400378,B,16,803000,2,S,17,ﾖ,20260702,自社,2
SP,中央    ,242371786,MF24,20260702,  ,CUT03700,ｺﾞｳﾊﾝ 20 20.0X 548X2128,1,1150,2,A  ,DEMO002,サンプル邸B,J3SF91,404176,A,19,803000,3,S,87,ﾐ,20260702,自社,2
SP,中央    ,246144395,MF24,20260703,  ,EDG00700,ｺﾞｳﾊﾝ 18 20.0X 409X2128,8,2300,2,A  ,DEMO019,サンプル邸S,J3SF91,402207,A,7,803000,3,S,108,ﾖ,20260703,自社,2
SP,中央    ,249793890,MF24,20260706,  ,OEM00500,ｺﾞｳﾊﾝ 23 20.0X 434X2128,4,2300,2,A  ,DEMO019,サンプル邸S,J3SF91,402035,D,13,803000,2,S,132,ﾎ,20260706,OEM社,5
SP,中央    ,240481788,MF24,20260701,  ,ZPL00700,ｺﾞｳﾊﾝ 20 20.0X 594X2128,3,510,2,A  ,DEMO018,サンプル邸R,J3SF91,400245,D,2,803000,3,S,224,ﾖ,20260701,自社,2
SP,中央    ,246722368,MF24,20260702,  ,CUT00800,ｺﾞｳﾊﾝ 18 20.0X 445X2128,4,1150,2,A  ,DEMO020,サンプル邸T,J3SF91,408480,D,11,803000,3,S,19,ﾖ,20260702,自社,2
SP,中央    ,243199138,MF24,20260701,  ,CUT03200,ｺﾞｳﾊﾝ 18 20.0X 537X2128,3,ﾎ,2,A  ,DEMO003,サンプル邸C,J3SF91,407661,A,9,803000,3,S,73,ﾐ,20260701,自社,2
SP,中央    ,245929401,MF24,20260701,  ,PNL02000,ｺﾞｳﾊﾝ 18 20.0X 896X2128,4,1700,2,A  ,DEMO011,サンプル邸K,J3SF91,400189,C,3,803000,3,S,192,ﾖ,20260701,自社,2
SP,中央    ,242290982,MF24,20260701,  ,ZPL01100,ｺﾞｳﾊﾝ 20 20.0X 340X2128,8,ﾖ,2,A  ,DEMO007,サンプル邸G,J3SF91,403897,B,0,803000,3,S,234,ﾐ,20260701,自社,2
SP,中央    ,240371066,MF24,20260706,  ,OEM00500,ｺﾞｳﾊﾝ 20 20.0X 674X2128,3,510,2,A  ,DEMO008,サンプル邸H,J3SF91,409891,D,0,803000,3,S,131,ﾖ,20260706,OEM社,5
SP,中央    ,243144223,MF24,20260701,  ,PNL00400,ｺﾞｳﾊﾝ 18 20.0X 661X2128,1,760,2,A  ,DEMO009,サンプル邸I,J3SF91,402372,A,9,803000,3,S,157,ﾐ,20260701,自社,2
SP,中央    ,247745961,MF24,20260703,  ,CUT00500,ｺﾞｳﾊﾝ 20 20.0X 223X2128,6,2300,2,A  ,DEMO013,サンプル邸M,J3SF91,401918,D,1,803000,1,S,9,ﾎ,20260703,自社,2
SP,中央    ,248990608,MF24,20260702,  ,CUT00100,ｺﾞｳﾊﾝ 13 20.0X 274X2128,2,760,2,A  ,DEMO013,サンプル邸M,J3SF91,409548,A,16,803000,1,S,1,ﾖ,20260702,自社,2
SP,中央    ,245439220,MF24,20260701,  ,EDG00300,ｺﾞｳﾊﾝ 13 20.0X 883X2128,2,1700,2,A  ,DEMO018,サンプル邸R,J3SF91,409822,D,17,803000,3,S,96,ﾎ,20260701,自社,2
SP,中央    ,244686020,MF24,20260706,  ,PNL02400,ｺﾞｳﾊﾝ 18 20.0X 627X2128,2,1700,2,A  ,DEMO013,サンプル邸M,J3SF91,407410,D,9,803000,3,S,203,ﾎ,20260706,自社,2
SP,中央    ,242473382,MF24,20260703,  ,CUT02300,ｺﾞｳﾊﾝ 18 20.0X 279X2128,6,510,2,A  ,DEMO002,サンプル邸B,J3SF91,404987,B,0,803000,2,S,49,ﾖ,20260703,自社,2
SP,中央    ,245835177,MF24,20260702,  ,OEM00100,ｺﾞｳﾊﾝ 13 20.0X 204X2128,8,1610,2,A  ,DEMO010,サンプル邸J,J3SF91,408052,B,15,803000,3,S,123,ﾎ,20260702,OEM社,5
SP,中央    ,243790785,MF24,20260706,  ,EDG00900,ｺﾞｳﾊﾝ 23 20.0X 379X2128,2,510,2,A  ,DEMO003,サンプル邸C,J3SF91,403805,A,3,803000,2,S,113,ﾐ,20260706,自社,2
SP,中央    ,240180082,MF24,20260703,  ,PNL02700,ｺﾞｳﾊﾝ 13 20.0X 621X2128,1,510,2,A  ,DEMO019,サンプル邸S,J3SF91,409059,A,9,803000,2,S,211,ﾖ,20260703,自社,2
SP,中央    ,249912185,MF24,20260702,  ,CUT01000,ｺﾞｳﾊﾝ 13 20.0X 354X2128,8,2300,2,A  ,DEMO005,サンプル邸E,J3SF91,409762,D,11,803000,1,S,23,ﾐ,20260702,自社,2
SP,中央    ,244434903,MF24,20260703,  ,EDG00600,ｺﾞｳﾊﾝ 23 20.0X 372X2128,2,ﾎ,2,A  ,DEMO011,サンプル邸K,J3SF91,400795,C,14,803000,3,S,103,ﾐ,20260703,自社,2
SP,中央    ,246635320,MF24,20260703,  ,PNL00700,ｺﾞｳﾊﾝ 13 20.0X 893X2128,8,1150,2,A  ,DEMO020,サンプル邸T,J3SF91,404173,A,12,803000,2,S,164,ﾐ,20260703,自社,2
SP,中央    ,249291016,MF24,20260703,  ,EDG00900,ｺﾞｳﾊﾝ 20 20.0X 851X2128,7,ﾎ,2,A  ,DEMO002,サンプル邸B,J3SF91,404346,C,20,803000,1,S,114,ﾖ,20260703,自社,2
SP,中央    ,244436751,MF24,20260703,  ,CUT01500,ｺﾞｳﾊﾝ 18 20.0X 268X2128,2,ﾖ,2,A  ,DEMO003,サンプル邸C,J3SF91,400189,C,17,803000,2,S,36,ﾎ,20260703,自社,2
SP,中央    ,245427998,MF24,20260703,  ,CUT01900,ｺﾞｳﾊﾝ 20 20.0X 760X2128,4,JA,2,A  ,DEMO012,サンプル邸L,J3SF91,405071,B,11,803000,1,S,42,ﾖ,20260703,自社,2
SP,中央    ,249141338,MF24,20260702,  ,ZPL00600,ｺﾞｳﾊﾝ 18 20.0X 476X2128,3,ﾎ,2,A  ,DEMO003,サンプル邸C,J3SF91,407263,D,7,803000,1,S,221,ﾎ,20260702,自社,2
SP,中央    ,244548422,MF24,20260706,  ,PNL01300,ｺﾞｳﾊﾝ 18 20.0X 226X2128,5,760,2,A  ,DEMO008,サンプル邸H,J3SF91,402749,C,15,803000,1,S,177,ﾎ,20260706,自社,2
SP,中央    ,242708666,MF24,20260701,  ,CUT01600,ｺﾞｳﾊﾝ 18 20.0X 312X2128,5,JA,2,A  ,DEMO017,サンプル邸Q,J3SF91,402967,B,9,803000,3,S,37,ﾎ,20260701,自社,2
SP,中央    ,243428816,MF24,20260702,  ,CUT00800,ｺﾞｳﾊﾝ 18 20.0X 545X2128,8,JA,2,A  ,DEMO016,サンプル邸P,J3SF91,407855,C,20,803000,1,S,21,ﾐ,20260702,自社,2
SP,中央    ,249977754,MF24,20260706,  ,PNL02600,ｺﾞｳﾊﾝ 20 20.0X 241X2128,6,ﾖ,2,A  ,DEMO015,サンプル邸O,J3SF91,400170,A,16,803000,1,S,207,ﾖ,20260706,自社,2
SP,中央    ,248283419,MF24,20260701,  ,PNL00100,ｺﾞｳﾊﾝ 20 20.0X 563X2128,7,760,2,A  ,DEMO010,サンプル邸J,J3SF91,408253,C,16,803000,2,S,149,ﾖ,20260701,自社,2
SP,中央    ,246495179,MF24,20260706,  ,PNL00400,ｺﾞｳﾊﾝ 13 20.0X 896X2128,3,ﾖ,2,A  ,DEMO003,サンプル邸C,J3SF91,406757,A,2,803000,3,S,155,ﾎ,20260706,自社,2
SP,中央    ,241054477,MF24,20260701,  ,CUT03300,ｺﾞｳﾊﾝ 20 20.0X 399X2128,6,760,2,A  ,DEMO002,サンプル邸B,J3SF91,404461,C,19,803000,1,S,77,ﾎ,20260701,自社,2
SP,中央    ,244063658,MF24,20260706,  ,CUT01800,ｺﾞｳﾊﾝ 20 20.0X 813X2128,5,JA,2,A  ,DEMO017,サンプル邸Q,J3SF91,407527,B,5,803000,2,S,41,ﾎ,20260706,自社,2
SP,中央    ,249671771,MF24,20260702,  ,PNL01800,ｺﾞｳﾊﾝ 13 20.0X 813X2128,8,ﾎ,2,A  ,DEMO009,サンプル邸I,J3SF91,403905,D,3,803000,2,S,188,ﾖ,20260702,自社,2
SP,中央    ,245058459,MF24,20260702,  ,OEM00300,ｺﾞｳﾊﾝ 18 20.0X 473X2128,3,2300,2,A  ,DEMO017,サンプル邸Q,J3SF91,404056,C,19,803000,3,S,128,ﾎ,20260702,OEM社,5
SP,中央    ,244525824,MF24,20260701,  ,EDG00800,ｺﾞｳﾊﾝ 18 20.0X 881X2128,7,510,2,A  ,DEMO003,サンプル邸C,J3SF91,400188,A,20,803000,3,S,109,ﾎ,20260701,自社,2
SP,中央    ,247770487,MF24,20260706,  ,OEM00300,ｺﾞｳﾊﾝ 20 20.0X 373X2128,8,510,2,A  ,DEMO018,サンプル邸R,J3SF91,409489,B,4,803000,2,S,127,ﾎ,20260706,OEM社,5
SP,中央    ,244791961,MF24,20260703,  ,CUT02600,ｺﾞｳﾊﾝ 13 20.0X 877X2128,3,1150,2,A  ,DEMO004,サンプル邸D,J3SF91,404353,D,16,803000,2,S,56,ﾖ,20260703,自社,2
SP,中央    ,249383022,MF24,20260702,  ,CUT00600,ｺﾞｳﾊﾝ 13 20.0X 667X2128,7,1700,2,A  ,DEMO017,サンプル邸Q,J3SF91,406536,D,3,803000,2,S,13,ﾐ,20260702,自社,2
SP,中央    ,244441837,MF24,20260701,  ,EDG00600,ｺﾞｳﾊﾝ 23 20.0X 580X2128,7,760,2,A  ,DEMO009,サンプル邸I,J3SF91,409459,B,11,803000,2,S,104,ﾖ,20260701,自社,2
SP,中央    ,243661877,MF24,20260703,  ,PNL01400,ｺﾞｳﾊﾝ 13 20.0X 618X2128,5,2300,2,A  ,DEMO014,サンプル邸N,J3SF91,402262,B,16,803000,1,S,181,ﾐ,20260703,自社,2
SP,中央    ,247190074,MF24,20260701,  ,PNL00600,ｺﾞｳﾊﾝ 20 20.0X 798X2128,4,1700,2,A  ,DEMO005,サンプル邸E,J3SF91,406346,D,19,803000,1,S,161,ﾎ,20260701,自社,2
SP,中央    ,240795946,MF24,20260702,  ,PNL02500,ｺﾞｳﾊﾝ 13 20.0X 226X2128,5,ﾖ,2,A  ,DEMO014,サンプル邸N,J3SF91,404912,C,17,803000,3,S,206,ﾎ,20260702,自社,2
SP,中央    ,247026580,MF24,20260703,  ,PNL00100,ｺﾞｳﾊﾝ 20 20.0X 636X2128,2,2300,2,A  ,DEMO015,サンプル邸O,J3SF91,405904,A,0,803000,3,S,146,ﾖ,20260703,自社,2
SP,中央    ,248518027,MF24,20260702,  ,CUT01200,ｺﾞｳﾊﾝ 13 20.0X 300X2128,8,ﾎ,2,A  ,DEMO009,サンプル邸I,J3SF91,400456,A,14,803000,2,S,28,ﾐ,20260702,自社,2
SP,中央    ,246019181,MF24,20260706,  ,CUT00500,ｺﾞｳﾊﾝ 20 20.0X 625X2128,7,1150,2,A  ,DEMO018,サンプル邸R,J3SF91,402472,A,5,803000,1,S,11,ﾖ,20260706,自社,2
SP,中央    ,241702289,MF24,20260701,  ,CUT00600,ｺﾞｳﾊﾝ 18 20.0X 749X2128,6,JA,2,A  ,DEMO019,サンプル邸S,J3SF91,401152,B,19,803000,2,S,15,ﾖ,20260701,自社,2
SP,中央    ,241041185,MF24,20260702,  ,CUT02800,ｺﾞｳﾊﾝ 20 20.0X 546X2128,8,510,2,A  ,DEMO013,サンプル邸M,J3SF91,409409,C,4,803000,3,S,62,ﾐ,20260702,自社,2
SP,中央    ,247672641,MF24,20260702,  ,CUT02900,ｺﾞｳﾊﾝ 13 20.0X 862X2128,2,ﾎ,2,A  ,DEMO005,サンプル邸E,J3SF91,400647,A,4,803000,1,S,65,ﾐ,20260702,自社,2
SP,中央    ,247596395,MF24,20260706,  ,ZPL01000,ｺﾞｳﾊﾝ 20 20.0X 715X2128,1,1150,2,A  ,DEMO015,サンプル邸O,J3SF91,407018,B,15,803000,1,S,232,ﾖ,20260706,自社,2
SP,中央    ,246470244,MF24,20260703,  ,ZPL00200,ｺﾞｳﾊﾝ 23 20.0X 838X2128,1,JA,2,A  ,DEMO007,サンプル邸G,J3SF91,403605,D,18,803000,1,S,215,ﾎ,20260703,自社,2
SP,中央    ,247307760,MF24,20260706,  ,ZPL00600,ｺﾞｳﾊﾝ 20 20.0X 442X2128,1,510,2,A  ,DEMO010,サンプル邸J,J3SF91,400414,C,4,803000,1,S,220,ﾐ,20260706,自社,2
SP,中央    ,244915596,MF24,20260701,  ,OEM00800,ｺﾞｳﾊﾝ 18 20.0X 273X2128,5,1610,2,A  ,DEMO001,サンプル邸A,J3SF91,409477,B,7,803000,1,S,142,ﾎ,20260701,OEM社,5
SP,中央    ,240965134,MF24,20260706,  ,CUT01500,ｺﾞｳﾊﾝ 13 20.0X 485X2128,3,1700,2,A  ,DEMO011,サンプル邸K,J3SF91,401186,C,0,803000,3,S,35,ﾖ,20260706,自社,2
SP,中央    ,242625280,MF24,20260702,  ,EDG00300,ｺﾞｳﾊﾝ 23 20.0X 730X2128,7,760,2,A  ,DEMO002,サンプル邸B,J3SF91,402016,B,7,803000,3,S,95,ﾖ,20260702,自社,2
SP,中央    ,248106449,MF24,20260703,  ,CUT02700,ｺﾞｳﾊﾝ 18 20.0X 508X2128,7,1610,2,A  ,DEMO013,サンプル邸M,J3SF91,402741,B,2,803000,1,S,59,ﾐ,20260703,自社,2
SP,中央    ,242230214,MF24,20260706,  ,CUT03400,ｺﾞｳﾊﾝ 18 20.0X 439X2128,7,ﾖ,2,A  ,DEMO015,サンプル邸O,J3SF91,403849,A,9,803000,2,S,82,ﾎ,20260706,自社,2
SP,中央    ,240867304,MF24,20260706,  ,EDG00100,ｺﾞｳﾊﾝ 18 20.0X 215X2128,3,1700,2,A  ,DEMO006,サンプル邸F,J3SF91,401458,C,16,803000,1,S,92,ﾖ,20260706,自社,2
SP,中央    ,249281990,MF24,20260701,  ,PNL02800,ｺﾞｳﾊﾝ 18 20.0X 709X2128,5,ﾎ,2,A  ,DEMO007,サンプル邸G,J3SF91,408426,B,18,803000,1,S,212,ﾎ,20260701,自社,2
SP,中央    ,243031530,MF24,20260702,  ,PNL00800,ｺﾞｳﾊﾝ 18 20.0X 294X2128,5,760,2,A  ,DEMO007,サンプル邸G,J3SF91,409467,C,12,803000,3,S,166,ﾖ,20260702,自社,2
SP,中央    ,243442978,MF24,20260703,  ,CUT02300,ｺﾞｳﾊﾝ 20 20.0X 440X2128,4,ﾖ,2,A  ,DEMO003,サンプル邸C,J3SF91,408092,D,2,803000,2,S,48,ﾐ,20260703,自社,2
SP,中央    ,247688814,MF24,20260706,  ,EDG00400,ｺﾞｳﾊﾝ 18 20.0X 657X2128,3,ﾖ,2,A  ,DEMO015,サンプル邸O,J3SF91,406559,A,2,803000,1,S,98,ﾎ,20260706,自社,2
SP,中央    ,244222049,MF24,20260702,  ,CUT03500,ｺﾞｳﾊﾝ 13 20.0X 605X2128,4,ﾎ,2,A  ,DEMO011,サンプル邸K,J3SF91,408623,B,20,803000,1,S,84,ﾐ,20260702,自社,2
SP,中央    ,240536346,MF24,20260706,  ,PNL00400,ｺﾞｳﾊﾝ 20 20.0X 253X2128,1,JA,2,A  ,DEMO015,サンプル邸O,J3SF91,400241,A,12,803000,2,S,158,ﾎ,20260706,自社,2
SP,中央    ,245679902,MF24,20260701,  ,PNL02000,ｺﾞｳﾊﾝ 13 20.0X 571X2128,7,1150,2,A  ,DEMO013,サンプル邸M,J3SF91,405489,D,18,803000,2,S,191,ﾎ,20260701,自社,2
SP,中央    ,241325649,MF24,20260703,  ,CUT03400,ｺﾞｳﾊﾝ 20 20.0X 810X2128,4,1700,2,A  ,DEMO015,サンプル邸O,J3SF91,402620,B,13,803000,1,S,80,ﾐ,20260703,自社,2
SP,中央    ,241679460,MF24,20260702,  ,TOP00100,ｺﾞｳﾊﾝ 13 20.0X 229X2128,2,2300,2,A  ,DEMO006,サンプル邸F,J3SF91,408560,D,14,803000,3,S,213,ﾎ,20260702,自社,2
SP,中央    ,248721182,MF24,20260703,  ,PNL01600,ｺﾞｳﾊﾝ 13 20.0X 564X2128,8,ﾎ,2,A  ,DEMO019,サンプル邸S,J3SF91,401168,A,11,803000,3,S,185,ﾖ,20260703,自社,2
SP,中央    ,242592442,MF24,20260701,  ,PNL02300,ｺﾞｳﾊﾝ 18 20.0X 893X2128,7,760,2,A  ,DEMO017,サンプル邸Q,J3SF91,405774,B,6,803000,3,S,201,ﾐ,20260701,自社,2
SP,中央    ,241036081,MF24,20260706,  ,CUT01100,ｺﾞｳﾊﾝ 13 20.0X 769X2128,6,ﾎ,2,A  ,DEMO020,サンプル邸T,J3SF91,408695,D,3,803000,3,S,27,ﾖ,20260706,自社,2
SP,中央    ,240377389,MF24,20260702,  ,CUT02000,ｺﾞｳﾊﾝ 13 20.0X 603X2128,5,510,2,A  ,DEMO013,サンプル邸M,J3SF91,403814,A,18,803000,3,S,44,ﾖ,20260702,自社,2
SP,中央    ,246460555,MF24,20260703,  ,PNL01100,ｺﾞｳﾊﾝ 23 20.0X 299X2128,1,1610,2,A  ,DEMO005,サンプル邸E,J3SF91,407411,C,10,803000,1,S,175,ﾎ,20260703,自社,2
SP,中央    ,241876902,MF24,20260706,  ,ZPL01000,ｺﾞｳﾊﾝ 20 20.0X 200X2128,5,JA,2,A  ,DEMO019,サンプル邸S,J3SF91,409586,A,7,803000,3,S,230,ﾖ,20260706,自社,2
SP,中央    ,246539680,MF24,20260706,  ,ZPL00400,ｺﾞｳﾊﾝ 18 20.0X 893X2128,4,1700,2,A  ,DEMO003,サンプル邸C,J3SF91,405065,D,15,803000,1,S,217,ﾖ,20260706,自社,2
SP,中央    ,243439025,MF24,20260701,  ,OEM00600,ｺﾞｳﾊﾝ 23 20.0X 754X2128,8,ﾎ,2,A  ,DEMO019,サンプル邸S,J3SF91,400263,C,16,803000,2,S,135,ﾎ,20260701,OEM社,5
